<?xml version="1.0" encoding="UTF-8"?>

<container xmlns="http://symfony.com/schema/dic/services"
           xmlns:xsi="http://www.w3.org/2001/XMLSchema-instance"
           xsi:schemaLocation="http://symfony.com/schema/dic/services http://symfony.com/schema/dic/services/services-1.0.xsd">

    <services>
        <service id="cocorico_user.user_manager" class="Cocorico\UserBundle\Model\UserManager" public="true">
            <argument type="service" id="security.encoder_factory"/>
            <argument type="service" id="fos_user.util.username_canonicalizer"/>
            <argument type="service" id="fos_user.util.email_canonicalizer"/>
            <argument type="service" id="fos_user.entity_manager"/>
            <argument>%fos_user.model.user.class%</argument>
            <argument>%kernel.root_dir%</argument>
            <argument type="service" id="event_dispatcher"/>
        </service>
    </services>

</container>
